<?xml version="1.0" encoding="UTF-8"?>
<beans xmlns="http://www.springframework.org/schema/beans"
	xmlns:xsi="http://www.w3.org/2001/XMLSchema-instance"
	xmlns:context="http://www.springframework.org/schema/context"
	xmlns:aop="http://www.springframework.org/schema/aop"
	xmlns:mvc="http://www.springframework.org/schema/mvc"
	xsi:schemaLocation="http://www.springframework.org/schema/mvc http://www.springframework.org/schema/mvc/spring-mvc-4.2.xsd
		http://www.springframework.org/schema/beans http://www.springframework.org/schema/beans/spring-beans.xsd
		http://www.springframework.org/schema/context http://www.springframework.org/schema/context/spring-context-4.2.xsd
		http://www.springframework.org/schema/aop http://www.springframework.org/schema/aop/spring-aop-4.2.xsd">

	<context:component-scan base-package="com.spring.biz" />

	<!-- DataSource 객체 생성 -->
	<bean class="org.apache.commons.dbcp.BasicDataSource" id="dataSource" destroy-method="close">
 		<property name="driverClassName" value="oracle.jdbc.driver.OracleDriver"/> <!-- name이 String이라서 ref 대신 value가 들어감 -->
 		<property name="url" value="jdbc:oracle:thin:@localhost:1521:xe"/>
 		<property name="username" value="npnc"/>
 		<property name="password" value="1234"/>
	</bean>
	
	<!-- JdbcTemplate에 DI할 객체 생성 -->
	<bean class="org.springframework.jdbc.core.JdbcTemplate" id="jdbcTemplate">
		<property name="dataSource" ref="dataSource"/>
	</bean>
	
	<!-- gmail설정 -->
	<bean id="mailSender2" class="org.springframework.mail.javamail.JavaMailSenderImpl"> 
		<property name="host" value="smtp.gmail.com" />
		<property name="port" value="587" />
		<property name="username" value="rkdtmdcks012@gmail.com"/> <!-- 자신의 이메일 아이디 -->
		<property name="password" value="plfuxryfkbhhzaej"/> <!-- 자신의 비밀번호 -->
	 <!-- 보안연결 TLS과 관련된 설정 -->
		<property name="javaMailProperties">
			<props>
				<prop key="mail.smtp.auth">true</prop>
				<prop key="mail.smtp.starttls.enable">true</prop>
				<prop key="mail.smtp.ssl.trust">smtp.gmail.com</prop>
				<prop key="mail.smtp.ssl.protocols">TLSv1.2</prop>
			</props>
		</property>
	</bean>
	
	<aop:aspectj-autoproxy />

</beans>